{"cameraMode":{"drawMode":0,"name":"Shaded","section":"Shading Mode"},"sceneLighting":false,"audioPlay":false,"sceneViewState":{"showFog":true,"showMaterialUpdate":true,"showSkybox":true,"showFlares":true,"showImageEffects":true,"showParticleSystems":true},"in2DMode":false,"pivot":{"x":23.808799743652345,"y":6.844347953796387,"z":-21.255775451660158},"rotation":{"x":-0.028674911707639695,"y":0.9645734429359436,"z":-0.1180780753493309,"w":-0.2342052459716797},"size":22.0,"orthographic":false}