{"cameraMode":{"drawMode":0,"name":"Shaded","section":"Shading Mode"},"sceneLighting":false,"audioPlay":false,"sceneViewState":{"showFog":true,"showMaterialUpdate":true,"showSkybox":true,"showFlares":true,"showImageEffects":true,"showParticleSystems":true},"in2DMode":false,"pivot":{"x":-1.7146698236465455,"y":-0.9723410606384277,"z":-3.7299139499664308},"rotation":{"x":-0.05332875996828079,"y":0.9148650169372559,"z":-0.1287469118833542,"w":-0.37894952297210696},"size":10.0,"orthographic":false}