{"cameraMode":{"drawMode":0,"name":"Shaded","section":"Shading Mode"},"sceneLighting":false,"audioPlay":false,"sceneViewState":{"showFog":true,"showMaterialUpdate":true,"showSkybox":true,"showFlares":true,"showImageEffects":true,"showParticleSystems":true},"in2DMode":false,"pivot":{"x":24.781400680541993,"y":8.354324340820313,"z":-13.271718978881836},"rotation":{"x":0.01256934367120266,"y":0.9862355589866638,"z":-0.1387900859117508,"w":0.08930525183677674},"size":29.288793563842775,"orthographic":false}