{"cameraMode":{"drawMode":0,"name":"Shaded","section":"Shading Mode"},"sceneLighting":false,"audioPlay":false,"sceneViewState":{"showFog":true,"showMaterialUpdate":true,"showSkybox":true,"showFlares":true,"showImageEffects":true,"showParticleSystems":true},"in2DMode":false,"pivot":{"x":-3.7196085453033449,"y":2.135242223739624,"z":0.6971340775489807},"rotation":{"x":-0.4907729923725128,"y":-0.5093864798545837,"z":0.4966427683830261,"w":-0.5032069683074951},"size":28.578840255737306,"orthographic":false}